{"@id":1,"metaData":{"@id":2,"id":1045875,"contentTypeID":2,"archiveSection":0,"publishDate":null,"reviewDate":null,"expiryDate":null,"contentVersions":{"en":{"@id":3,"id":1045875,"language":"en","version":"3.0","status":0}},"languageMetaData":{"en":{"@id":4,"language":"en","version":{"@id":5,"m_nMajor":3,"m_nMinor":0,"m_nSubMinor":0},"name":"text/html","lastModified":1728322998270,"owner":0,"lastModifiedBy":15123,"previousVersion":{"@id":6,"m_nMajor":2,"m_nMinor":0,"m_nSubMinor":0},"status":0,"lastModifierFirstName":"Anthony","lastModifierLastName":"Lepki","ownerFirstName":null,"ownerLastName":null,"metaData":2}},"languagesInitialised":true,"cloneSource":null},"orderedElements":[{"class":"com.terminalfour.content.element.NumberContentElement","@id":7,"name":"Format Processor","alias":"Format Processor","setToPreviousValue":false,"attributes":{},"m_oValue":2},{"class":"com.terminalfour.content.element.TextContentElement","@id":8,"name":"templateid","alias":"templateid","setToPreviousValue":false,"attributes":{},"m_sValue":"472","m_oFile":null,"m_fIsFile":false},{"class":"com.terminalfour.content.element.TextContentElement","@id":9,"name":"extension","alias":"extension","setToPreviousValue":false,"attributes":{},"m_sValue":"","m_oFile":null,"m_fIsFile":false},{"class":"com.terminalfour.content.element.TextContentElement","@id":10,"name":"name","alias":"name","setToPreviousValue":false,"attributes":{},"m_sValue":"text/html","m_oFile":null,"m_fIsFile":false},{"class":"com.terminalfour.content.element.NumberContentElement","@id":11,"name":"syntax","alias":"syntax","setToPreviousValue":false,"attributes":{},"m_oValue":3},{"class":"com.terminalfour.content.element.TextContentElement","@id":12,"name":"formatcode","alias":"formatcode","setToPreviousValue":false,"attributes":{},"m_sValue":"</div>\r\n<!-- Flex-Container-- Close -->\r\n\r\n","m_oFile":null,"m_fIsFile":false}],"elements":{"extension":9,"format processor":7,"formatcode":12,"name":10,"syntax":11,"templateid":8},"elementsByAlias":{"extension":9,"format processor":7,"formatcode":12,"name":10,"syntax":11,"templateid":8},"language":"en"}