{"@id":1,"id":472,"sectionId":269851,"name":"Flex-Container-- Close -->","description":"Closes the Flex container","warningMessage":"","elements":[{"@id":2,"contentTypeElementEntityPK":{"@id":3,"id":1,"contentType":472},"name":"Name","description":"The Name element","typeID":1,"type":{"@id":4,"id":1,"name":"Plain Text","description":"A plain text field","storageMethod":4,"binary":false,"elementClass":"com.terminalfour.content.element.TextContentElement","inputClass":"com.terminalfour.content.input.TextInput","extensionChecking":false,"enabled":true},"maxSize":80,"compulsory":true,"list_id":0,"sequence":1,"alias":"Name","show":true,"defaultValue":null}],"elementForFilename":0,"alias":"Flex-Container-- Close -->","templateType":10,"authLevel":2,"directEditEnabled":true,"duplicate":false}