{"@id":1,"id":470,"sectionId":269848,"name":"Flex-Container","description":"Flexbox container for flex items","warningMessage":"","elements":[{"@id":2,"contentTypeElementEntityPK":{"@id":3,"id":1,"contentType":470},"name":"Name","description":"The Name element","typeID":1,"type":{"@id":4,"id":1,"name":"Plain Text","description":"A plain text field","storageMethod":4,"binary":false,"elementClass":"com.terminalfour.content.element.TextContentElement","inputClass":"com.terminalfour.content.input.TextInput","extensionChecking":false,"enabled":true},"maxSize":80,"compulsory":true,"list_id":0,"sequence":1,"alias":"Name","show":true,"defaultValue":null},{"@id":5,"contentTypeElementEntityPK":{"@id":6,"id":17,"contentType":470},"name":"ct_justifyContent","description":"Defines how flex items are aligned along the main axis of the container","typeID":7,"type":{"@id":7,"id":7,"name":"Select Box","description":"A Select Box","storageMethod":4,"binary":false,"elementClass":"com.terminalfour.content.element.ListContentElement","inputClass":"com.terminalfour.content.input.SelectBoxInput","extensionChecking":false,"enabled":true},"maxSize":20,"compulsory":true,"list_id":182,"sequence":2,"alias":"ct_justifyContent","show":true,"defaultValue":null},{"@id":8,"contentTypeElementEntityPK":{"@id":9,"id":18,"contentType":470},"name":"ct_alignItems","description":"Specifies how flex items are aligned along the cross axis of the container","typeID":7,"type":7,"maxSize":20,"compulsory":true,"list_id":183,"sequence":3,"alias":"ct_alignItems","show":true,"defaultValue":null},{"@id":10,"contentTypeElementEntityPK":{"@id":11,"id":19,"contentType":470},"name":"ct_flexDirection","description":"Establishes the main axis, determining the direction flex items are placed in the container","typeID":7,"type":7,"maxSize":20,"compulsory":true,"list_id":184,"sequence":4,"alias":"ct_flexDirection","show":true,"defaultValue":null},{"@id":12,"contentTypeElementEntityPK":{"@id":13,"id":20,"contentType":470},"name":"ct_flexWrap","description":"Controls whether flex items are forced onto a single line or can wrap onto multiple lines","typeID":7,"type":7,"maxSize":20,"compulsory":true,"list_id":185,"sequence":5,"alias":"ct_flexWrap","show":true,"defaultValue":null},{"@id":14,"contentTypeElementEntityPK":{"@id":15,"id":21,"contentType":470},"name":"ct_alignContent","description":"Aligns a flex container&#x27;s lines within when there is extra space in the cross-axis","typeID":7,"type":7,"maxSize":20,"compulsory":true,"list_id":186,"sequence":6,"alias":"ct_alignContent","show":true,"defaultValue":null},{"@id":16,"contentTypeElementEntityPK":{"@id":17,"id":8,"contentType":470},"name":"ct_gap","description":"Sets the gap between flex items in both row and column directions simultaneously.","typeID":1,"type":4,"maxSize":20,"compulsory":true,"list_id":0,"sequence":7,"alias":"ct_gap","show":true,"defaultValue":null},{"@id":18,"contentTypeElementEntityPK":{"@id":19,"id":9,"contentType":470},"name":"ct_rowGap","description":"Specifies the size of the gap between rows in the flex container.","typeID":1,"type":4,"maxSize":20,"compulsory":true,"list_id":0,"sequence":8,"alias":"ct_rowGap","show":true,"defaultValue":null},{"@id":20,"contentTypeElementEntityPK":{"@id":21,"id":10,"contentType":470},"name":"ct_columnGap","description":"Defines the size of the gap between columns in the flex container.","typeID":1,"type":4,"maxSize":20,"compulsory":true,"list_id":0,"sequence":9,"alias":"ct_columnGap","show":true,"defaultValue":null},{"@id":22,"contentTypeElementEntityPK":{"@id":23,"id":11,"contentType":470},"name":"ct_padding","description":"Sets the padding area on all four sides of the flex container.","typeID":1,"type":4,"maxSize":20,"compulsory":true,"list_id":0,"sequence":10,"alias":"ct_padding","show":true,"defaultValue":null},{"@id":24,"contentTypeElementEntityPK":{"@id":25,"id":12,"contentType":470},"name":"ct_borderWidth","description":"Determines the width of the border around the flex container.","typeID":1,"type":4,"maxSize":20,"compulsory":true,"list_id":0,"sequence":11,"alias":"ct_borderWidth","show":true,"defaultValue":null},{"@id":26,"contentTypeElementEntityPK":{"@id":27,"id":13,"contentType":470},"name":"ct_borderColor","description":"Specifies the color of the border around the flex container.","typeID":1,"type":4,"maxSize":20,"compulsory":true,"list_id":0,"sequence":12,"alias":"ct_borderColor","show":true,"defaultValue":null},{"@id":28,"contentTypeElementEntityPK":{"@id":29,"id":14,"contentType":470},"name":"ct_backgroundColor","description":"Sets the background color of the flex container.","typeID":1,"type":4,"maxSize":20,"compulsory":true,"list_id":0,"sequence":13,"alias":"ct_backgroundColor","show":true,"defaultValue":null},{"@id":30,"contentTypeElementEntityPK":{"@id":31,"id":15,"contentType":470},"name":"ct_width","description":"Defines the width of the flex container, crucial for determining the layout space.","typeID":1,"type":4,"maxSize":20,"compulsory":false,"list_id":0,"sequence":14,"alias":"ct_width","show":true,"defaultValue":null},{"@id":32,"contentTypeElementEntityPK":{"@id":33,"id":16,"contentType":470},"name":"ct_height","description":"Sets the height of the flex container, important for vertical space allocation.","typeID":1,"type":4,"maxSize":20,"compulsory":false,"list_id":0,"sequence":15,"alias":"ct_height","show":true,"defaultValue":null},{"@id":34,"contentTypeElementEntityPK":{"@id":35,"id":23,"contentType":470},"name":"ct_css","description":"Custom CSS (if required)","typeID":1,"type":4,"maxSize":1000,"compulsory":false,"list_id":0,"sequence":16,"alias":"ct_css","show":true,"defaultValue":null}],"elementForFilename":0,"alias":"Flex-Container","templateType":10,"authLevel":0,"directEditEnabled":true,"duplicate":false}