{"@id":1,"metaData":{"@id":2,"id":1045886,"contentTypeID":2,"archiveSection":0,"publishDate":null,"reviewDate":null,"expiryDate":null,"contentVersions":{"en":{"@id":3,"id":1045886,"language":"en","version":"5.0","status":0}},"languageMetaData":{"en":{"@id":4,"language":"en","version":{"@id":5,"m_nMajor":5,"m_nMinor":0,"m_nSubMinor":0},"name":"text/css","lastModified":1726787327543,"owner":0,"lastModifiedBy":15123,"previousVersion":{"@id":6,"m_nMajor":4,"m_nMinor":0,"m_nSubMinor":0},"status":0,"lastModifierFirstName":"Anthony","lastModifierLastName":"Lepki","ownerFirstName":null,"ownerLastName":null,"metaData":2}},"languagesInitialised":true,"cloneSource":null},"orderedElements":[{"class":"com.terminalfour.content.element.NumberContentElement","@id":7,"name":"Format Processor","alias":"Format Processor","setToPreviousValue":false,"attributes":{},"m_oValue":2},{"class":"com.terminalfour.content.element.TextContentElement","@id":8,"name":"templateid","alias":"templateid","setToPreviousValue":false,"attributes":{},"m_sValue":"471","m_oFile":null,"m_fIsFile":false},{"class":"com.terminalfour.content.element.TextContentElement","@id":9,"name":"extension","alias":"extension","setToPreviousValue":false,"attributes":{},"m_sValue":"","m_oFile":null,"m_fIsFile":false},{"class":"com.terminalfour.content.element.TextContentElement","@id":10,"name":"name","alias":"name","setToPreviousValue":false,"attributes":{},"m_sValue":"text/css","m_oFile":null,"m_fIsFile":false},{"class":"com.terminalfour.content.element.NumberContentElement","@id":11,"name":"syntax","alias":"syntax","setToPreviousValue":false,"attributes":{},"m_oValue":2},{"class":"com.terminalfour.content.element.TextContentElement","@id":12,"name":"formatcode","alias":"formatcode","setToPreviousValue":false,"attributes":{},"m_sValue":"<style>\r\n  .flex-item {\r\n    position: relative;\r\n    overflow: hidden;\r\n    display: flex;\r\n    flex-direction: column;\r\n    border: 1px solid #dee2e6;\r\n    box-shadow: 0 4px 8px rgba(0,0,0,0.1);\r\n  }\r\n  .flex-item-image {\r\n    width: 100%;\r\n    height: auto;\r\n    object-fit: cover;\r\n  }\r\n  .flex-item-content {\r\n    padding: 20px;\r\n    display: flex;\r\n    flex-direction: column;\r\n    flex-grow: 1;\r\n  }\r\n  .flex-item-full-image .flex-item-image-full {\r\n    position: absolute;\r\n    top: 0;\r\n    left: 0;\r\n    width: 100%;\r\n    height: 100%;\r\n    object-fit: cover;\r\n    z-index: 0;\r\n  }\r\n  .flex-item-open-image {\r\n    padding-top: 0;\r\n    padding-right: 0px !important;\r\n    padding-left: 0px !important;\r\n  }\r\n  .flex-item-open-image .flex-item-image-open {\r\n    width: calc(100% + 2px);\r\n    max-height: 200px;\r\n    object-fit: cover;\r\n    margin: -1px -1px 0;\r\n  }\r\n  .flex-item-full-image .flex-item-content {\r\n    position: relative;\r\n    z-index: 1;\r\n    color: white;\r\n    text-shadow: 1px 1px 3px rgba(0,0,0,0.8);\r\n  }\r\n  .flex-item-full-image::before {\r\n    content: '';\r\n    position: absolute;\r\n    top: 0;\r\n    left: 0;\r\n    right: 0;\r\n    bottom: 0;\r\n    background: rgba(0,0,0,0.5);\r\n    z-index: 1;\r\n  }\r\n  .flex-item h3 {\r\n    font-size: 1.5rem;\r\n    margin-bottom: 15px;\r\n  }\r\n  .flex-item p {\r\n    margin-bottom: 15px;\r\n  }\r\n  .flex-item-footer {\r\n    margin-top: auto;\r\n  }\r\n  .flex-item-footer a {\r\n    color: #0a8a0a;\r\n    text-decoration: none;\r\n    font-weight: bold;\r\n  }\r\n  .flex-item-footer a:hover {\r\n    text-decoration: underline;\r\n  }\r\n  .icon {\r\n    font-size: 24px;\r\n    color: #0a8a0a;\r\n    margin-bottom: 15px;\r\n  }\r\n  .flex-item-full-image h3 {\r\n    color: #fff;\r\n    font-weight: 700;\r\n    text-shadow: none;\r\n\r\n}\r\n  \r\n\r\n.flex-item-content {\r\n  display: flex;\r\n  flex-direction: column;\r\n  height: 100%;\r\n}\r\n\r\n.flex-item-body {\r\n  flex-grow: 1;\r\n}\r\n\r\n.flex-item-footer {\r\n  margin-top: auto;\r\n}\r\n\r\n.button-container {\r\n  text-align: center;\r\n}\r\n\r\n.button-flex {\r\n  display: inline-block;\r\n  padding: 10px 20px;\r\n  background-color: #00703C;\r\n  color: white;\r\n  text-decoration: none;\r\n  border-radius: 4px;\r\n  transition: background-color 0.3s ease;\r\n}\r\n\r\n.button-flex:hover, .button-flex:focus {\r\n  background-color: #005B31;\r\n}\r\n\r\n.link {\r\n  color: #00703C;\r\n  text-decoration: none;\r\n}\r\n\r\n.link:hover, .link:focus {\r\n  text-decoration: underline;\r\n}\r\n</STYLE>\r\n","m_oFile":null,"m_fIsFile":false}],"elements":{"extension":9,"format processor":7,"formatcode":12,"name":10,"syntax":11,"templateid":8},"elementsByAlias":{"extension":9,"format processor":7,"formatcode":12,"name":10,"syntax":11,"templateid":8},"language":"en"}