{"@id":1,"id":471,"sectionId":269850,"name":"Flex Item","description":"Flex item within a flex container","warningMessage":"","elements":[{"@id":2,"contentTypeElementEntityPK":{"@id":3,"id":1,"contentType":471},"name":"Name","description":"The Name element","typeID":1,"type":{"@id":4,"id":1,"name":"Plain Text","description":"A plain text field","storageMethod":4,"binary":false,"elementClass":"com.terminalfour.content.element.TextContentElement","inputClass":"com.terminalfour.content.input.TextInput","extensionChecking":false,"enabled":true},"maxSize":80,"compulsory":true,"list_id":0,"sequence":1,"alias":"Name","show":true,"defaultValue":null},{"@id":5,"contentTypeElementEntityPK":{"@id":6,"id":2,"contentType":471},"name":"ct_itemIcon","description":"Select the icon to display for the flex item","typeID":1,"type":4,"maxSize":80,"compulsory":false,"list_id":0,"sequence":2,"alias":"ct_itemIcon","show":true,"defaultValue":null},{"@id":7,"contentTypeElementEntityPK":{"@id":8,"id":3,"contentType":471},"name":"ct_itemTitle","description":"Sets the title text for the flex item","typeID":1,"type":4,"maxSize":80,"compulsory":true,"list_id":0,"sequence":3,"alias":"ct_itemTitle","show":true,"defaultValue":null},{"@id":9,"contentTypeElementEntityPK":{"@id":10,"id":4,"contentType":471},"name":"ct_itemDescription","description":"Provides a description for the flex item","typeID":3,"type":{"@id":11,"id":3,"name":"HTML","description":"An HTML field","storageMethod":4,"binary":false,"elementClass":"com.terminalfour.content.element.TextContentElement","inputClass":"com.terminalfour.content.input.HtmlInput","extensionChecking":false,"enabled":true},"maxSize":50000,"compulsory":true,"list_id":0,"sequence":4,"alias":"ct_itemDescription","show":true,"defaultValue":null},{"@id":12,"contentTypeElementEntityPK":{"@id":13,"id":5,"contentType":471},"name":"ct_itemLinkText","description":"Text for URL","typeID":1,"type":4,"maxSize":80,"compulsory":true,"list_id":0,"sequence":5,"alias":"ct_itemLinkText","show":true,"defaultValue":null},{"@id":14,"contentTypeElementEntityPK":{"@id":15,"id":6,"contentType":471},"name":"ct_itemLinkURL","description":"URL for link","typeID":1,"type":4,"maxSize":300,"compulsory":true,"list_id":0,"sequence":6,"alias":"ct_itemLinkURL","show":true,"defaultValue":null},{"@id":16,"contentTypeElementEntityPK":{"@id":17,"id":10,"contentType":471},"name":"ct_itemImageURL","description":"URL for external image (https:&#x2F;&#x2F;www.etc )","typeID":1,"type":4,"maxSize":400,"compulsory":false,"list_id":0,"sequence":7,"alias":"ct_itemImageURL","show":true,"defaultValue":null},{"@id":18,"contentTypeElementEntityPK":{"@id":19,"id":11,"contentType":471},"name":"ct_itemImageDisplay","description":"Option to display image as &#x27;contain&#x27; or &#x27;full&#x27;","typeID":1,"type":4,"maxSize":80,"compulsory":false,"list_id":0,"sequence":8,"alias":"ct_itemImageDisplay","show":true,"defaultValue":null},{"@id":20,"contentTypeElementEntityPK":{"@id":21,"id":8,"contentType":471},"name":"ct_itemFlexShrink","description":"How much the item will shrink relative to the rest of the flex items","typeID":13,"type":{"@id":22,"id":13,"name":"Whole Number","description":"A Whole Number (Integer)","storageMethod":2,"binary":false,"elementClass":"com.terminalfour.content.element.NumberContentElement","inputClass":"com.terminalfour.content.input.NumberInput","extensionChecking":false,"enabled":true},"maxSize":10,"compulsory":false,"list_id":0,"sequence":9,"alias":"ct_itemFlexShrink","show":true,"defaultValue":null},{"@id":23,"contentTypeElementEntityPK":{"@id":24,"id":7,"contentType":471},"name":"ct_itemFlexGrow","description":"How much the item will grow relative to the rest of the flex items","typeID":13,"type":22,"maxSize":10,"compulsory":false,"list_id":0,"sequence":10,"alias":"ct_itemFlexGrow","show":true,"defaultValue":null},{"@id":25,"contentTypeElementEntityPK":{"@id":26,"id":9,"contentType":471},"name":"ct_itemFlexBasis","description":"(auto) Initial main size of flex item","typeID":1,"type":4,"maxSize":80,"compulsory":false,"list_id":0,"sequence":11,"alias":"ct_itemFlexBasis","show":true,"defaultValue":null},{"@id":27,"contentTypeElementEntityPK":{"@id":28,"id":12,"contentType":471},"name":"ct_link01_type","description":"","typeID":9,"type":{"@id":29,"id":9,"name":"Radio Button","description":"A Radio Button List","storageMethod":4,"binary":false,"elementClass":"com.terminalfour.content.element.ListContentElement","inputClass":"com.terminalfour.content.input.RadioButtonInput","extensionChecking":false,"enabled":true},"maxSize":20,"compulsory":true,"list_id":188,"sequence":12,"alias":"ct_link01_type","show":true,"defaultValue":null}],"elementForFilename":0,"alias":"Flex Item","templateType":10,"authLevel":0,"directEditEnabled":true,"duplicate":false}