{"@id":1,"metaData":{"@id":2,"id":1045870,"contentTypeID":2,"archiveSection":0,"publishDate":null,"reviewDate":null,"expiryDate":null,"contentVersions":{"en":{"@id":3,"id":1045870,"language":"en","version":"44.0","status":0}},"languageMetaData":{"en":{"@id":4,"language":"en","version":{"@id":5,"m_nMajor":44,"m_nMinor":0,"m_nSubMinor":0},"name":"text/html","lastModified":1726787238467,"owner":0,"lastModifiedBy":15123,"previousVersion":{"@id":6,"m_nMajor":43,"m_nMinor":0,"m_nSubMinor":0},"status":0,"lastModifierFirstName":"Anthony","lastModifierLastName":"Lepki","ownerFirstName":null,"ownerLastName":null,"metaData":2}},"languagesInitialised":true,"cloneSource":null},"orderedElements":[{"class":"com.terminalfour.content.element.NumberContentElement","@id":7,"name":"Format Processor","alias":"Format Processor","setToPreviousValue":false,"attributes":{},"m_oValue":14},{"class":"com.terminalfour.content.element.TextContentElement","@id":8,"name":"templateid","alias":"templateid","setToPreviousValue":false,"attributes":{},"m_sValue":"471","m_oFile":null,"m_fIsFile":false},{"class":"com.terminalfour.content.element.TextContentElement","@id":9,"name":"extension","alias":"extension","setToPreviousValue":false,"attributes":{},"m_sValue":"","m_oFile":null,"m_fIsFile":false},{"class":"com.terminalfour.content.element.TextContentElement","@id":10,"name":"name","alias":"name","setToPreviousValue":false,"attributes":{},"m_sValue":"text/html","m_oFile":null,"m_fIsFile":false},{"class":"com.terminalfour.content.element.NumberContentElement","@id":11,"name":"syntax","alias":"syntax","setToPreviousValue":false,"attributes":{},"m_oValue":3},{"class":"com.terminalfour.content.element.TextContentElement","@id":12,"name":"formatcode","alias":"formatcode","setToPreviousValue":false,"attributes":{},"m_sValue":"<!----------------------\r\nFlex item: {{ contentId }}\r\nFields for Flex Items (remove in PROD)\r\nName - The Name element\r\nct_itemIcon - Select the icon to display for the flex item\r\nct_itemTitle - Sets the title text for the flex item\r\nct_itemDescription - Provides a description for the flex item\r\nct_itemLinkText - Text for URL\r\nct_itemLinkURL - URL for link\r\nct_itemFlexGrow - How much the item will grow relative to other flex items\r\nct_itemFlexShrink - How much the item will shrink relative to other flex items\r\nct_itemFlexBasis - (auto) Initial main size of flex item\r\nct_itemImageURL - URL or path to the image file\r\nct_itemImageAlt - Alternative text for the image\r\nct_itemImageDisplay - Option to display image as 'contain', 'full', or 'open'\r\nct_link01_type - is this a button or link (select from list)\r\n\r\n* testing {{ embed layout=\"text/alternative\" }}\r\n------------------------>\r\n\r\n{{ embed layout=\"text/alternative\" }}\r\n{{ embed layout=\"text/css\" }}\r\n<div class=\"flex-item \r\n            {{#if (eq (publish element=\"ct_itemImageDisplay\") \"full\")}}flex-item-full-image{{/if}}\r\n            {{#if (eq (publish element=\"ct_itemImageDisplay\") \"open\")}}flex-item-open-image{{/if}}\">\r\n  {{#ifSet element=\"ct_itemImageURL\"}}\r\n    <img src=\"{{ publish element=\"ct_itemImageURL\" }}\" \r\n         alt=\"{{ publish element=\"ct_itemImageAlt\" }}\" \r\n         class=\"flex-item-image \r\n                {{#if (eq (publish element=\"ct_itemImageDisplay\") \"full\")}}flex-item-image-full{{/if}}\r\n                {{#if (eq (publish element=\"ct_itemImageDisplay\") \"open\")}}flex-item-image-open{{/if}}\">\r\n  {{/ifSet}}\r\n  <div class=\"flex-item-content\">\r\n    {{#unless (ifSet element=\"ct_itemImageURL\")}}\r\n      <i class=\"icon fa {{ publish element=\"ct_itemIcon\" }}\"></i>\r\n    {{/unless}}\r\n    <h3>{{ publish element=\"ct_itemTitle\" }}</h3>\r\n    <div class=\"flex-item-body\">\r\n      {{{ publish element=\"ct_itemDescription\" }}}\r\n    </div>\r\n    <div class=\"flex-item-footer\">\r\n      {{#each (list element=\"ct_link01_type\")}}\r\n        {{#if selected}}\r\n          {{#eq value \"button\"}}\r\n            <div class=\"button-container\">\r\n              <a href=\"{{publish element=\"ct_itemLinkURL\"}}\" class=\"button-flex\" role=\"button\">\r\n                {{publish element=\"ct_itemLinkText\"}}\r\n              </a>\r\n            </div>\r\n          {{/eq}}\r\n          {{#eq value \"hyperlink\"}}\r\n            <a href=\"{{publish element=\"ct_itemLinkURL\"}}\" class=\"link\">\r\n              {{publish element=\"ct_itemLinkText\"}} »\r\n            </a>\r\n          {{/eq}}\r\n        {{/if}}\r\n      {{/each}}\r\n    </div>\r\n  </div>\r\n</div>\r\n","m_oFile":null,"m_fIsFile":false}],"elements":{"extension":9,"format processor":7,"formatcode":12,"name":10,"syntax":11,"templateid":8},"elementsByAlias":{"extension":9,"format processor":7,"formatcode":12,"name":10,"syntax":11,"templateid":8},"language":"en"}