{"@id":1,"metaData":{"@id":2,"id":1045867,"contentTypeID":2,"archiveSection":0,"publishDate":null,"reviewDate":null,"expiryDate":null,"contentVersions":{"en":{"@id":3,"id":1045867,"language":"en","version":"35.0","status":0}},"languageMetaData":{"en":{"@id":4,"language":"en","version":{"@id":5,"m_nMajor":35,"m_nMinor":0,"m_nSubMinor":0},"name":"text/html","lastModified":1726615693373,"owner":0,"lastModifiedBy":15123,"previousVersion":{"@id":6,"m_nMajor":32,"m_nMinor":0,"m_nSubMinor":0},"status":0,"lastModifierFirstName":"Anthony","lastModifierLastName":"Lepki","ownerFirstName":null,"ownerLastName":null,"metaData":2}},"languagesInitialised":true,"cloneSource":null},"orderedElements":[{"class":"com.terminalfour.content.element.NumberContentElement","@id":7,"name":"Format Processor","alias":"Format Processor","setToPreviousValue":false,"attributes":{},"m_oValue":14},{"class":"com.terminalfour.content.element.TextContentElement","@id":8,"name":"templateid","alias":"templateid","setToPreviousValue":false,"attributes":{},"m_sValue":"470","m_oFile":null,"m_fIsFile":false},{"class":"com.terminalfour.content.element.TextContentElement","@id":9,"name":"extension","alias":"extension","setToPreviousValue":false,"attributes":{},"m_sValue":"","m_oFile":null,"m_fIsFile":false},{"class":"com.terminalfour.content.element.TextContentElement","@id":10,"name":"name","alias":"name","setToPreviousValue":false,"attributes":{},"m_sValue":"text/html","m_oFile":null,"m_fIsFile":false},{"class":"com.terminalfour.content.element.NumberContentElement","@id":11,"name":"syntax","alias":"syntax","setToPreviousValue":false,"attributes":{},"m_oValue":3},{"class":"com.terminalfour.content.element.TextContentElement","@id":12,"name":"formatcode","alias":"formatcode","setToPreviousValue":false,"attributes":{},"m_sValue":"<!---------------------------------+\r\n| Flexcontainer w/ handlebars     \r\n| content ID: {{ contentId }}     \r\n| version: {{ contentVersion }}\r\n| pubdate: {{publishDate}}\r\n| pageURL: {{ pageURL }}\r\n| URL: {{ publishURL }}\r\n| preview: {{ previewURL }}\r\n+---------------------------------->\r\n\r\n<div id=\"flexContainer-{{ contentId }}\" class=\"flex-container\">\r\n\r\n<!-- 1/2 -->\r\n  \r\n  <style>\r\n  .flex-container {\r\n    display: flex;\r\n    align-items: stretch;\r\n    place-content: {{#each (selected element=\"ct_alignContent\")}}{{value}}{{/each}};\r\n    justify-content: {{#each (selected element=\"ct_justifyContent\")}}{{value}}{{/each}};\r\n    align-items: {{#each (selected element=\"ct_alignItems\")}}{{value}}{{/each}};\r\n    flex-flow: {{#each (selected element=\"ct_flexDirection\")}}{{value}}{{/each}} {{#each (selected element=\"ct_flexWrap\")}}{{value}}{{/each}};\r\n    gap: {{ publish element=\"ct_gap\" }}px;\r\n    row-gap: {{ publish element=\"ct_rowGap\" }}px;\r\n    column-gap: {{ publish element=\"ct_columnGap\" }}px;\r\n    padding: {{ publish element=\"ct_padding\" }}px;\r\n    border-width: {{ publish element=\"ct_borderWidth\" }}px;\r\n    border-color: {{ publish element=\"ct_borderColor\" }};\r\n    background-color: {{ publish element=\"ct_backgroundColor\" }};\r\n    width: {{ publish element=\"ct_width\" }}%;\r\n  }\r\n\r\n  .flex-item {\r\n    display: flex;\r\n    flex-direction: column;\r\n    flex: 1 1 0%;\r\n    min-height: 300px;\r\n    background-color: #f8f9fa;\r\n    border: 1px solid #dee2e6;\r\n    padding: 20px;\r\n    box-shadow: 0 4px 8px rgba(0,0,0,0.1);\r\n  }\r\n\r\n  .flex-item-content {\r\n    flex-grow: 1;\r\n  }\r\n\r\n  .flex-item-footer {\r\n    margin-top: auto;\r\n  }\r\n\r\n  .flex-item .icon {\r\n    font-size: 55px;\r\n    color: #0a8a0a;\r\n    margin-bottom: 10px;\r\n  }\r\n\r\n  .flex-item h3 {\r\n    font-size: 2rem !important;\r\n    margin-bottom: 15px;\r\n  }\r\n\r\n  .flex-item p {\r\n    margin-bottom: 15px;\r\n  }\r\n\r\n  .flex-item a {\r\n    color: #0a8a0a;\r\n    text-decoration: none;\r\n    font-weight: bold;\r\n  }\r\n\r\n  .flex-item a:hover {\r\n    text-decoration: underline;\r\n  }\r\n</style>\r\n  \r\n  ","m_oFile":null,"m_fIsFile":false}],"elements":{"extension":9,"format processor":7,"formatcode":12,"name":10,"syntax":11,"templateid":8},"elementsByAlias":{"extension":9,"format processor":7,"formatcode":12,"name":10,"syntax":11,"templateid":8},"language":"en"}