{"@id":1,"key":{"@id":2,"id":188,"language":"en"},"name":"Flex Item Button Link","description":"Option for button or link","sortType":0,"elements":{"1110":{"@id":3,"entryId":1110,"listId":188,"language":"en","name":"Button","value":"button","defaultSelected":true,"sublist":0,"sequence":1,"sublistInstance":null,"m_fIsSelected":false},"1111":{"@id":4,"entryId":1111,"listId":188,"language":"en","name":"Hyperlink","value":"hyperlink","defaultSelected":false,"sublist":0,"sequence":2,"sublistInstance":null,"m_fIsSelected":false}},"persistentLanguageOptions":null,"m_isVisible":false,"duplicate":false}