{"@id":1,"key":{"@id":2,"id":186,"language":"en"},"name":"flex_container_alignContent","description":"Aligns a flex container&#x27;s lines within when there is extra space in the cross-axis","sortType":0,"elements":{"1100":{"@id":3,"entryId":1100,"listId":186,"language":"en","name":"stretch","value":"stretch","defaultSelected":true,"sublist":0,"sequence":1,"sublistInstance":null,"m_fIsSelected":false},"1101":{"@id":4,"entryId":1101,"listId":186,"language":"en","name":"flex-start","value":"flex-start","defaultSelected":false,"sublist":0,"sequence":2,"sublistInstance":null,"m_fIsSelected":false},"1102":{"@id":5,"entryId":1102,"listId":186,"language":"en","name":"flex-end","value":"flex-end","defaultSelected":false,"sublist":0,"sequence":3,"sublistInstance":null,"m_fIsSelected":false},"1103":{"@id":6,"entryId":1103,"listId":186,"language":"en","name":"center","value":"center","defaultSelected":false,"sublist":0,"sequence":4,"sublistInstance":null,"m_fIsSelected":false},"1104":{"@id":7,"entryId":1104,"listId":186,"language":"en","name":"space-between","value":"space-between","defaultSelected":false,"sublist":0,"sequence":5,"sublistInstance":null,"m_fIsSelected":false},"1105":{"@id":8,"entryId":1105,"listId":186,"language":"en","name":"space-around","value":"space-around","defaultSelected":false,"sublist":0,"sequence":6,"sublistInstance":null,"m_fIsSelected":false}},"persistentLanguageOptions":null,"m_isVisible":false,"duplicate":false}