{"@id":1,"key":{"@id":2,"id":185,"language":"en"},"name":"flex_container_flexWrap","description":"Controls whether flex items are forced onto a single line or can wrap onto multiple lines","sortType":0,"elements":{"1097":{"@id":3,"entryId":1097,"listId":185,"language":"en","name":"nowrap","value":"nowrap","defaultSelected":true,"sublist":0,"sequence":1,"sublistInstance":null,"m_fIsSelected":false},"1098":{"@id":4,"entryId":1098,"listId":185,"language":"en","name":"wrap","value":"wrap","defaultSelected":false,"sublist":0,"sequence":2,"sublistInstance":null,"m_fIsSelected":false},"1099":{"@id":5,"entryId":1099,"listId":185,"language":"en","name":"wrap-reverse","value":"wrap-reverse","defaultSelected":false,"sublist":0,"sequence":3,"sublistInstance":null,"m_fIsSelected":false}},"persistentLanguageOptions":null,"m_isVisible":false,"duplicate":false}