{"@id":1,"key":{"@id":2,"id":184,"language":"en"},"name":"flex_container_flexDirection","description":"Establishes the main axis, determining the direction flex items are placed in the container","sortType":0,"elements":{"1093":{"@id":3,"entryId":1093,"listId":184,"language":"en","name":"row","value":"row","defaultSelected":true,"sublist":0,"sequence":1,"sublistInstance":null,"m_fIsSelected":false},"1094":{"@id":4,"entryId":1094,"listId":184,"language":"en","name":"row-reverse","value":"row-reverse","defaultSelected":false,"sublist":0,"sequence":2,"sublistInstance":null,"m_fIsSelected":false},"1095":{"@id":5,"entryId":1095,"listId":184,"language":"en","name":"column","value":"column","defaultSelected":false,"sublist":0,"sequence":3,"sublistInstance":null,"m_fIsSelected":false},"1096":{"@id":6,"entryId":1096,"listId":184,"language":"en","name":"column-reverse","value":"column-reverse","defaultSelected":false,"sublist":0,"sequence":4,"sublistInstance":null,"m_fIsSelected":false}},"persistentLanguageOptions":null,"m_isVisible":false,"duplicate":false}