{"@id":1,"key":{"@id":2,"id":183,"language":"en"},"name":"flex_container_alignItems","description":"Specifies how flex items are aligned along the cross axis of the container","sortType":0,"elements":{"1088":{"@id":3,"entryId":1088,"listId":183,"language":"en","name":"stretch","value":"stretch","defaultSelected":false,"sublist":0,"sequence":1,"sublistInstance":null,"m_fIsSelected":false},"1089":{"@id":4,"entryId":1089,"listId":183,"language":"en","name":"flex-start","value":"flex-start","defaultSelected":false,"sublist":0,"sequence":2,"sublistInstance":null,"m_fIsSelected":false},"1090":{"@id":5,"entryId":1090,"listId":183,"language":"en","name":"flex-end","value":"flex-end","defaultSelected":false,"sublist":0,"sequence":3,"sublistInstance":null,"m_fIsSelected":false},"1091":{"@id":6,"entryId":1091,"listId":183,"language":"en","name":"center","value":"center","defaultSelected":false,"sublist":0,"sequence":4,"sublistInstance":null,"m_fIsSelected":false},"1092":{"@id":7,"entryId":1092,"listId":183,"language":"en","name":"baseline","value":"baseline","defaultSelected":false,"sublist":0,"sequence":5,"sublistInstance":null,"m_fIsSelected":false}},"persistentLanguageOptions":null,"m_isVisible":false,"duplicate":false}