{"@id":1,"id":470,"sectionId":269848,"name":"Flex-Container","description":"Flexbox container for flex items","warningMessage":"","elements":[{"@id":2,"contentTypeElementEntityPK":{"@id":3,"id":1,"contentType":470},"name":"Name","description":"The Name element","typeID":1,"type":{"@id":4,"id":1,"name":"Plain Text","description":"A plain text field","storageMethod":4,"binary":false,"elementClass":"com.terminalfour.content.element.TextContentElement","inputClass":"com.terminalfour.content.input.TextInput","extensionChecking":false,"enabled":true},"maxSize":80,"compulsory":true,"list_id":0,"sequence":1,"alias":"Name","show":true,"defaultValue":null},{"@id":5,"contentTypeElementEntityPK":{"@id":6,"id":2,"contentType":470},"name":"ct_justifyContent","description":"Defines how flex items are aligned along the main axis of the container","typeID":1,"type":4,"maxSize":80,"compulsory":true,"list_id":0,"sequence":2,"alias":"ct_justifyContent","show":true,"defaultValue":null},{"@id":7,"contentTypeElementEntityPK":{"@id":8,"id":3,"contentType":470},"name":"ct_alignItems","description":"Specifies how flex items are aligned along the cross axis of the container.","typeID":1,"type":4,"maxSize":80,"compulsory":true,"list_id":0,"sequence":3,"alias":"ct_alignItems","show":true,"defaultValue":null},{"@id":9,"contentTypeElementEntityPK":{"@id":10,"id":4,"contentType":470},"name":"ct_flexDirection","description":"Establishes the main axis, determining the direction flex items are placed in the container.","typeID":1,"type":4,"maxSize":80,"compulsory":true,"list_id":0,"sequence":4,"alias":"ct_flexDirection","show":true,"defaultValue":null}],"elementForFilename":0,"alias":"Flex-Container","templateType":10,"authLevel":0,"directEditEnabled":true,"duplicate":false}