{"@id":1,"id":470,"sectionId":269848,"name":"Flex-Container","description":"Flexbox container for flex items","warningMessage":"","elements":[{"@id":2,"contentTypeElementEntityPK":{"@id":3,"id":1,"contentType":470},"name":"Name","description":"The Name element","typeID":1,"type":{"@id":4,"id":1,"name":"Plain Text","description":"A plain text field","storageMethod":4,"binary":false,"elementClass":"com.terminalfour.content.element.TextContentElement","inputClass":"com.terminalfour.content.input.TextInput","extensionChecking":false,"enabled":true},"maxSize":80,"compulsory":true,"list_id":0,"sequence":1,"alias":"Name","show":true,"defaultValue":null},{"@id":5,"contentTypeElementEntityPK":{"@id":6,"id":2,"contentType":470},"name":"ct_justifyContent","description":"Defines how flex items are aligned along the main axis of the container","typeID":1,"type":4,"maxSize":80,"compulsory":true,"list_id":0,"sequence":2,"alias":"ct_justifyContent","show":true,"defaultValue":null},{"@id":7,"contentTypeElementEntityPK":{"@id":8,"id":3,"contentType":470},"name":"ct_alignItems","description":"Specifies how flex items are aligned along the cross axis of the container.","typeID":1,"type":4,"maxSize":80,"compulsory":true,"list_id":0,"sequence":3,"alias":"ct_alignItems","show":true,"defaultValue":null},{"@id":9,"contentTypeElementEntityPK":{"@id":10,"id":4,"contentType":470},"name":"ct_flexDirection","description":"Establishes the main axis, determining the direction flex items are placed in the container.","typeID":1,"type":4,"maxSize":80,"compulsory":true,"list_id":0,"sequence":4,"alias":"ct_flexDirection","show":true,"defaultValue":null},{"@id":11,"contentTypeElementEntityPK":{"@id":12,"id":5,"contentType":470},"name":"ct_flexDirection_5","description":"Establishes the main axis, determining the direction flex items are placed in the container.","typeID":1,"type":4,"maxSize":80,"compulsory":true,"list_id":0,"sequence":5,"alias":"ct_flexDirection (1)","show":true,"defaultValue":null},{"@id":13,"contentTypeElementEntityPK":{"@id":14,"id":6,"contentType":470},"name":"ct_flexWrap","description":"Controls whether flex items are forced onto a single line or can wrap onto multiple lines.","typeID":1,"type":4,"maxSize":80,"compulsory":true,"list_id":0,"sequence":6,"alias":"ct_flexWrap","show":true,"defaultValue":null},{"@id":15,"contentTypeElementEntityPK":{"@id":16,"id":7,"contentType":470},"name":"ct_alignContent","description":"Aligns a flex container's lines within when there is extra space in the cross-axis.","typeID":1,"type":4,"maxSize":80,"compulsory":true,"list_id":0,"sequence":7,"alias":"ct_alignContent","show":true,"defaultValue":null},{"@id":17,"contentTypeElementEntityPK":{"@id":18,"id":8,"contentType":470},"name":"ct_gap","description":"Sets the gap between flex items in both row and column directions simultaneously.","typeID":1,"type":4,"maxSize":80,"compulsory":true,"list_id":0,"sequence":8,"alias":"ct_gap","show":true,"defaultValue":null},{"@id":19,"contentTypeElementEntityPK":{"@id":20,"id":9,"contentType":470},"name":"ct_rowGap","description":"Specifies the size of the gap between rows in the flex container.","typeID":1,"type":4,"maxSize":80,"compulsory":true,"list_id":0,"sequence":9,"alias":"ct_rowGap","show":true,"defaultValue":null},{"@id":21,"contentTypeElementEntityPK":{"@id":22,"id":10,"contentType":470},"name":"ct_columnGap","description":"Defines the size of the gap between columns in the flex container.","typeID":1,"type":4,"maxSize":80,"compulsory":true,"list_id":0,"sequence":10,"alias":"ct_columnGap","show":true,"defaultValue":null},{"@id":23,"contentTypeElementEntityPK":{"@id":24,"id":11,"contentType":470},"name":"ct_padding","description":"Sets the padding area on all four sides of the flex container.","typeID":1,"type":4,"maxSize":80,"compulsory":true,"list_id":0,"sequence":11,"alias":"ct_padding","show":true,"defaultValue":null},{"@id":25,"contentTypeElementEntityPK":{"@id":26,"id":12,"contentType":470},"name":"ct_borderWidth","description":"Determines the width of the border around the flex container.","typeID":1,"type":4,"maxSize":80,"compulsory":true,"list_id":0,"sequence":12,"alias":"ct_borderWidth","show":true,"defaultValue":null},{"@id":27,"contentTypeElementEntityPK":{"@id":28,"id":13,"contentType":470},"name":"ct_borderColor","description":"Specifies the color of the border around the flex container.","typeID":1,"type":4,"maxSize":80,"compulsory":true,"list_id":0,"sequence":13,"alias":"ct_borderColor","show":true,"defaultValue":null},{"@id":29,"contentTypeElementEntityPK":{"@id":30,"id":14,"contentType":470},"name":"ct_backgroundColor","description":"Sets the background color of the flex container.","typeID":1,"type":4,"maxSize":80,"compulsory":true,"list_id":0,"sequence":14,"alias":"ct_backgroundColor","show":true,"defaultValue":null},{"@id":31,"contentTypeElementEntityPK":{"@id":32,"id":15,"contentType":470},"name":"ct_width","description":"Defines the width of the flex container, crucial for determining the layout space.","typeID":1,"type":4,"maxSize":80,"compulsory":true,"list_id":0,"sequence":15,"alias":"ct_width","show":true,"defaultValue":null},{"@id":33,"contentTypeElementEntityPK":{"@id":34,"id":16,"contentType":470},"name":"ct_height","description":"Sets the height of the flex container, important for vertical space allocation.","typeID":1,"type":4,"maxSize":80,"compulsory":true,"list_id":0,"sequence":16,"alias":"ct_height","show":true,"defaultValue":null}],"elementForFilename":0,"alias":"Flex-Container","templateType":10,"authLevel":0,"directEditEnabled":true,"duplicate":false}