{"@id":1,"key":{"@id":2,"id":182,"language":"en"},"name":"flex_container_justifyContent","description":"Defines how flex items are aligned along the main axis of the container","sortType":0,"elements":{"1082":{"@id":3,"entryId":1082,"listId":182,"language":"en","name":"flex-start","value":"flex-start","defaultSelected":false,"sublist":0,"sequence":1,"sublistInstance":null,"m_fIsSelected":false},"1083":{"@id":4,"entryId":1083,"listId":182,"language":"en","name":"flex-end","value":"flex-end","defaultSelected":false,"sublist":0,"sequence":2,"sublistInstance":null,"m_fIsSelected":false},"1084":{"@id":5,"entryId":1084,"listId":182,"language":"en","name":"center","value":"center","defaultSelected":true,"sublist":0,"sequence":3,"sublistInstance":null,"m_fIsSelected":false},"1085":{"@id":6,"entryId":1085,"listId":182,"language":"en","name":"space-between","value":"space-between","defaultSelected":false,"sublist":0,"sequence":4,"sublistInstance":null,"m_fIsSelected":false},"1086":{"@id":7,"entryId":1086,"listId":182,"language":"en","name":"space-around","value":"space-around","defaultSelected":false,"sublist":0,"sequence":5,"sublistInstance":null,"m_fIsSelected":false},"1087":{"@id":8,"entryId":1087,"listId":182,"language":"en","name":"space-evenly","value":"space-evenly","defaultSelected":false,"sublist":0,"sequence":6,"sublistInstance":null,"m_fIsSelected":false}},"persistentLanguageOptions":null,"m_isVisible":false,"duplicate":false}